baseline,level,probe_seed,fit_examples,observer_layer,prefix_length,lookup_coverage,accuracy,balanced_accuracy,ce,represented_classes,balanced_majority_accuracy
surface_lookup,2,,64,0,4,0.0609130859375,0.144287109375,0.11850867336741136,,16,0.0625
surface_lookup,2,,128,0,4,0.1175537109375,0.1959228515625,0.17120831055678223,,16,0.0625
surface_lookup,2,,256,0,4,0.2237548828125,0.2900390625,0.26731224982859764,,16,0.0625
surface_lookup,2,,512,0,4,0.39453125,0.4456787109375,0.42554193740307655,,16,0.0625
surface_lookup,2,,1024,0,4,0.638671875,0.6685791015625,0.6518105673745421,,16,0.0625
surface_lookup,2,,2048,0,4,0.8743896484375,0.883056640625,0.870148265988238,,16,0.0625
surface_lookup,2,,4096,0,4,0.984375,0.9869384765625,0.9837777539570998,,16,0.0625
surface_lookup,2,,8192,0,4,0.99853515625,0.99853515625,0.9975509924303241,,16,0.0625
surface_linear,2,12345,64,0,4,,0.195556640625,0.19493269354992884,7.309822082519531,16,0.0625
surface_linear,2,12345,128,0,4,,0.2725830078125,0.27598806292571776,9.301502227783203,16,0.0625
surface_linear,2,12345,256,0,4,,0.3985595703125,0.3887480046076478,11.263465881347656,16,0.0625
surface_linear,2,12345,512,0,4,,0.587890625,0.573358462366147,9.570629119873047,16,0.0625
surface_linear,2,12345,1024,0,4,,0.6197509765625,0.6016403737604049,2.146033763885498,16,0.0625
surface_linear,2,12345,2048,0,4,,0.6390380859375,0.6189060986257353,1.0745420455932617,16,0.0625
surface_linear,2,12345,4096,0,4,,0.640869140625,0.6207207597944203,0.9918021559715271,16,0.0625
surface_linear,2,12345,8192,0,4,,0.6756591796875,0.6235318121467748,0.9400657415390015,16,0.0625
surface_linear,2,12346,64,0,4,,0.195556640625,0.19493269354992884,7.309822082519531,16,0.0625
surface_linear,2,12346,128,0,4,,0.2725830078125,0.27598806292571776,9.301502227783203,16,0.0625
surface_linear,2,12346,256,0,4,,0.3985595703125,0.3887480046076478,11.263465881347656,16,0.0625
surface_linear,2,12346,512,0,4,,0.587890625,0.573358462366147,9.570629119873047,16,0.0625
surface_linear,2,12346,1024,0,4,,0.6197509765625,0.6016403737604049,2.146033763885498,16,0.0625
surface_linear,2,12346,2048,0,4,,0.6390380859375,0.6189060986257353,1.0745420455932617,16,0.0625
surface_linear,2,12346,4096,0,4,,0.640869140625,0.6207207597944203,0.9918021559715271,16,0.0625
surface_linear,2,12346,8192,0,4,,0.6756591796875,0.6235318121467748,0.9400657415390015,16,0.0625
surface_linear,2,12347,64,0,4,,0.195556640625,0.19493269354992884,7.309822082519531,16,0.0625
surface_linear,2,12347,128,0,4,,0.2725830078125,0.27598806292571776,9.301502227783203,16,0.0625
surface_linear,2,12347,256,0,4,,0.3985595703125,0.3887480046076478,11.263465881347656,16,0.0625
surface_linear,2,12347,512,0,4,,0.587890625,0.573358462366147,9.570629119873047,16,0.0625
surface_linear,2,12347,1024,0,4,,0.6197509765625,0.6016403737604049,2.146033763885498,16,0.0625
surface_linear,2,12347,2048,0,4,,0.6390380859375,0.6189060986257353,1.0745420455932617,16,0.0625
surface_linear,2,12347,4096,0,4,,0.640869140625,0.6207207597944203,0.9918021559715271,16,0.0625
surface_linear,2,12347,8192,0,4,,0.6756591796875,0.6235318121467748,0.9400657415390015,16,0.0625
surface_mlp,2,12345,64,0,4,,0.201904296875,0.20117358395938628,8.165367126464844,16,0.0625
surface_mlp,2,12345,128,0,4,,0.2596435546875,0.2645969809565346,9.024404525756836,16,0.0625
surface_mlp,2,12345,256,0,4,,0.4276123046875,0.41326362238530323,7.022433280944824,16,0.0625
surface_mlp,2,12345,512,0,4,,0.611083984375,0.6038296228672739,3.2771222591400146,16,0.0625
surface_mlp,2,12345,1024,0,4,,0.859375,0.8473653049958177,0.9353259801864624,16,0.0625
surface_mlp,2,12345,2048,0,4,,0.9630126953125,0.9559147120178775,0.1264744997024536,16,0.0625
surface_mlp,2,12345,4096,0,4,,0.99853515625,0.9989768076398363,0.005796061363071203,16,0.0625
surface_mlp,2,12345,8192,0,4,,1.0,1.0,0.0006746621220372617,16,0.0625
surface_lookup,3,,64,0,8,0.000244140625,0.03173828125,0.06272174512630854,,16,0.0625
surface_lookup,3,,128,0,8,0.000244140625,0.03173828125,0.06272174512630854,,16,0.0625
surface_lookup,3,,256,0,8,0.00048828125,0.031982421875,0.06291297831172778,,16,0.0625
surface_lookup,3,,512,0,8,0.0015869140625,0.0330810546875,0.06386829406570074,,16,0.0625
surface_lookup,3,,1024,0,8,0.0028076171875,0.0341796875,0.06461042013271054,,16,0.0625
surface_lookup,3,,2048,0,8,0.0059814453125,0.037353515625,0.06792099326251641,,16,0.0625
surface_lookup,3,,4096,0,8,0.0157470703125,0.046875,0.07706098338591075,,16,0.0625
surface_lookup,3,,8192,0,8,0.0360107421875,0.1478271484375,0.0886475149856687,,16,0.0625
surface_linear,3,12345,64,0,8,,0.1043701171875,0.11058628488351878,6.531599521636963,16,0.0625
surface_linear,3,12345,128,0,8,,0.1119384765625,0.11898395792334726,8.52682113647461,16,0.0625
surface_linear,3,12345,256,0,8,,0.1317138671875,0.13167154813601512,11.762048721313477,16,0.0625
surface_linear,3,12345,512,0,8,,0.152099609375,0.1534464898520613,19.30115509033203,16,0.0625
surface_linear,3,12345,1024,0,8,,0.1839599609375,0.1781944241797982,9.047479629516602,16,0.0625
surface_linear,3,12345,2048,0,8,,0.236328125,0.23727841465265836,2.9078402519226074,16,0.0625
surface_linear,3,12345,4096,0,8,,0.2738037109375,0.27019571997312286,2.3264901638031006,16,0.0625
surface_linear,3,12345,8192,0,8,,0.33544921875,0.274576656080043,2.0612761974334717,16,0.0625
surface_linear,3,12346,64,0,8,,0.1043701171875,0.11058628488351878,6.531599521636963,16,0.0625
surface_linear,3,12346,128,0,8,,0.1119384765625,0.11898395792334726,8.52682113647461,16,0.0625
surface_linear,3,12346,256,0,8,,0.1317138671875,0.13167154813601512,11.762048721313477,16,0.0625
surface_linear,3,12346,512,0,8,,0.152099609375,0.1534464898520613,19.30115509033203,16,0.0625
surface_linear,3,12346,1024,0,8,,0.1839599609375,0.1781944241797982,9.047479629516602,16,0.0625
surface_linear,3,12346,2048,0,8,,0.236328125,0.23727841465265836,2.9078402519226074,16,0.0625
surface_linear,3,12346,4096,0,8,,0.2738037109375,0.27019571997312286,2.3264901638031006,16,0.0625
surface_linear,3,12346,8192,0,8,,0.33544921875,0.274576656080043,2.0612761974334717,16,0.0625
surface_linear,3,12347,64,0,8,,0.1043701171875,0.11058628488351878,6.531599521636963,16,0.0625
surface_linear,3,12347,128,0,8,,0.1119384765625,0.11898395792334726,8.52682113647461,16,0.0625
surface_linear,3,12347,256,0,8,,0.1317138671875,0.13167154813601512,11.762048721313477,16,0.0625
surface_linear,3,12347,512,0,8,,0.152099609375,0.1534464898520613,19.30115509033203,16,0.0625
surface_linear,3,12347,1024,0,8,,0.1839599609375,0.1781944241797982,9.047479629516602,16,0.0625
surface_linear,3,12347,2048,0,8,,0.236328125,0.23727841465265836,2.9078402519226074,16,0.0625
surface_linear,3,12347,4096,0,8,,0.2738037109375,0.27019571997312286,2.3264901638031006,16,0.0625
surface_linear,3,12347,8192,0,8,,0.33544921875,0.274576656080043,2.0612761974334717,16,0.0625
surface_mlp,3,12345,64,0,8,,0.1075439453125,0.11030633500609448,8.032514572143555,16,0.0625
surface_mlp,3,12345,128,0,8,,0.12060546875,0.12344424109894737,9.279439926147461,16,0.0625
surface_mlp,3,12345,256,0,8,,0.14599609375,0.14794916939635624,11.18138599395752,16,0.0625
surface_mlp,3,12345,512,0,8,,0.174560546875,0.17647036956721143,11.630061149597168,16,0.0625
surface_mlp,3,12345,1024,0,8,,0.223388671875,0.21922943951662482,8.152581214904785,16,0.0625
surface_mlp,3,12345,2048,0,8,,0.295654296875,0.29296034792607956,6.016169548034668,16,0.0625
surface_mlp,3,12345,4096,0,8,,0.4329833984375,0.42655702110599947,4.41712760925293,16,0.0625
surface_mlp,3,12345,8192,0,8,,0.6680908203125,0.5917309802135198,2.051229476928711,16,0.0625
